Workbook

Sheet Musteri_Verisi
A1: Musteri_ID | B1: Firma_Adi | C1: Sektor | D1: Firma_Yasi | E1: Onceki_Yil_Satis_TL | F1: Guncel_Satis_TL | G1: Onceki_Toplam_Borc_TL | H1: Guncel_Toplam_Borc_TL | I1: Kredi_Limiti_TL | J1: Kullanilan_Limit_TL | K1: Son_3_Ay_Gecikme_Adedi | L1: Maks_Gecikme_Gunu | M1: Teminat_Durumu | N1: Finansal_Veri_Tarihi | O1: Satis_Degisim_% | P1: Borc_Degisim_% | Q1: Limit_Kullanim_% | R1: Finansal_Veri_Yasi_Gun | S1: Uyari_Puani | T1: On_Degerlendirme
A2: M001 | B2: Örnek Firma 01 | C2: Tekstil | D2: 22 | E2: 22000000 | F2: 15290141 | G2: 19000000 | H2: 18650943 | I2: 13000000 | J2: 10909300 | K2: 1 | L2: 37 | M2: Yeterli | N2: 46044 | O2: =IFERROR((F2-E2)/E2,0) -> -0.30499359 | P2: =IFERROR((H2-G2)/G2,0) -> -0.018371421 | Q2: =IFERROR(J2/I2,0) -> 0.83917692 | R2: =TODAY()-N2 -> 233 | S2: =IF(O2<=-15%,1,0)+IF(P2>=20%,1,0)+IF(Q2>=85%,1,0)+IF(K2>0,1,0)+IF(L2>=15,1,0)+IF(M2<>"Yeterli",1,0)+IF(R2>180,1,0) -> 4 | T2: =IF(S2>=5,"Yüksek Dikkat",IF(S2>=3,"İncelenmeli","Normal İzleme")) -> İncelenmeli
A3: M002 | B3: Örnek Firma 02 | C3: Lojistik | D3: 2 | E3: 19000000 | F3: 15412472 | G3: 34000000 | H3: 41389300 | I3: 40000000 | J3: 16362804 | K3: 1 | L3: 37 | M3: Yeterli | N3: 46031 | O3: =IFERROR((F3-E3)/E3,0) -> -0.18881726 | P3: =IFERROR((H3-G3)/G3,0) -> 0.21733235 | Q3: =IFERROR(J3/I3,0) -> 0.4090701 | R3: =TODAY()-N3 -> 246 | S3: =IF(O3<=-15%,1,0)+IF(P3>=20%,1,0)+IF(Q3>=85%,1,0)+IF(K3>0,1,0)+IF(L3>=15,1,0)+IF(M3<>"Yeterli",1,0)+IF(R3>180,1,0) -> 5 | T3: =IF(S3>=5,"Yüksek Dikkat",IF(S3>=3,"İncelenmeli","Normal İzleme")) -> Yüksek Dikkat
A4: M003 | B4: Örnek Firma 03 | C4: Gıda | D4: 27 | E4: 8000000 | F4: 9082275 | G4: 12000000 | H4: 15369264 | I4: 26000000 | J4: 12279723 | K4: 0 | L4: 0 | M4: Kısmen Yeterli | N4: 46208 | O4: =IFERROR((F4-E4)/E4,0) -> 0.13528438 | P4: =IFERROR((H4-G4)/G4,0) -> 0.280772 | Q4: =IFERROR(J4/I4,0) -> 0.47229704 | R4: =TODAY()-N4 -> 69 | S4: =IF(O4<=-15%,1,0)+IF(P4>=20%,1,0)+IF(Q4>=85%,1,0)+IF(K4>0,1,0)+IF(L4>=15,1,0)+IF(M4<>"Yeterli",1,0)+IF(R4>180,1,0) -> 2 | T4: =IF(S4>=5,"Yüksek Dikkat",IF(S4>=3,"İncelenmeli","Normal İzleme")) -> Normal İzleme
A5: M004 | B5: Örnek Firma 04 | C5: Perakende | D5: 14 | E5: 20000000 | F5: 17907752 | G5: 24000000 | H5: 29243020 | I5: 7000000 | J5: 5836498 | K5: 1 | L5: 27 | M5: Yeterli | N5: 46110 | O5: =IFERROR((F5-E5)/E5,0) -> -0.1046124 | P5: =IFERROR((H5-G5)/G5,0) -> 0.21845917 | Q5: =IFERROR(J5/I5,0) -> 0.83378543 | R5: =TODAY()-N5 -> 167 | S5: =IF(O5<=-15%,1,0)+IF(P5>=20%,1,0)+IF(Q5>=85%,1,0)+IF(K5>0,1,0)+IF(L5>=15,1,0)+IF(M5<>"Yeterli",1,0)+IF(R5>180,1,0) -> 3 | T5: =IF(S5>=5,"Yüksek Dikkat",IF(S5>=3,"İncelenmeli","Normal İzleme")) -> İncelenmeli
A6: M005 | B6: Örnek Firma 05 | C6: Makine | D6: 20 | E6: 32000000 | F6: 35287779 | G6: 4000000 | H6: 5025735 | I6: 54000000 | J6: 26001560 | K6: 0 | L6: 0 | M6: Yeterli | N6: 46209 | O6: =IFERROR((F6-E6)/E6,0) -> 0.10274309 | P6: =IFERROR((H6-G6)/G6,0) -> 0.25643375 | Q6: =IFERROR(J6/I6,0) -> 0.48151037 | R6: =TODAY()-N6 -> 68 | S6: =IF(O6<=-15%,1,0)+IF(P6>=20%,1,0)+IF(Q6>=85%,1,0)+IF(K6>0,1,0)+IF(L6>=15,1,0)+IF(M6<>"Yeterli",1,0)+IF(R6>180,1,0) -> 1 | T6: =IF(S6>=5,"Yüksek Dikkat",IF(S6>=3,"İncelenmeli","Normal İzleme")) -> Normal İzleme
A7: M006 | B7: Örnek Firma 06 | C7: Gıda | D7: 10 | E7: 66000000 | F7: 70053103 | G7: 25000000 | H7: 23183792 | I7: 27000000 | J7: 11275351 | K7: 0 | L7: 0 | M7: Yetersiz | N7: 45929 | O7: =IFERROR((F7-E7)/E7,0) -> 0.061410652 | P7: =IFERROR((H7-G7)/G7,0) -> -0.07264832 | Q7: =IFERROR(J7/I7,0) -> 0.41760559 | R7: =TODAY()-N7 -> 348 | S7: =IF(O7<=-15%,1,0)+IF(P7>=20%,1,0)+IF(Q7>=85%,1,0)+IF(K7>0,1,0)+IF(L7>=15,1,0)+IF(M7<>"Yeterli",1,0)+IF(R7>180,1,0) -> 2 | T7: =IF(S7>=5,"Yüksek Dikkat",IF(S7>=3,"İncelenmeli","Normal İzleme")) -> Normal İzleme
A8: M007 | B8: Örnek Firma 07 | C8: Tekstil | D8: 21 | E8: 89000000 | F8: 69658803 | G8: 17000000 | H8: 15773375 | I8: 29000000 | J8: 13512789 | K8: 3 | L8: 38 | M8: Yeterli | N8: 46094 | O8: =IFERROR((F8-E8)/E8,0) -> -0.21731682 | P8: =IFERROR((H8-G8)/G8,0) -> -0.072154412 | Q8: =IFERROR(J8/I8,0) -> 0.46595824 | R8: =TODAY()-N8 -> 183 | S8: =IF(O8<=-15%,1,0)+IF(P8>=20%,1,0)+IF(Q8>=85%,1,0)+IF(K8>0,1,0)+IF(L8>=15,1,0)+IF(M8<>"Yeterli",1,0)+IF(R8>180,1,0) -> 4 | T8: =IF(S8>=5,"Yüksek Dikkat",IF(S8>=3,"İncelenmeli","Normal İzleme")) -> İncelenmeli
A9: M008 | B9: Örnek Firma 08 | C9: Makine | D9: 9 | E9: 12000000 | F9: 13956329 | G9: 27000000 | H9: 26911142 | I9: 18000000 | J9: 17649160 | K9: 1 | L9: 23 | M9: Yeterli | N9: 46005 | O9: =IFERROR((F9-E9)/E9,0) -> 0.16302742 | P9: =IFERROR((H9-G9)/G9,0) -> -0.003291037 | Q9: =IFERROR(J9/I9,0) -> 0.98050889 | R9: =TODAY()-N9 -> 272 | S9: =IF(O9<=-15%,1,0)+IF(P9>=20%,1,0)+IF(Q9>=85%,1,0)+IF(K9>0,1,0)+IF(L9>=15,1,0)+IF(M9<>"Yeterli",1,0)+IF(R9>180,1,0) -> 4 | T9: =IF(S9>=5,"Yüksek Dikkat",IF(S9>=3,"İncelenmeli","Normal İzleme")) -> İncelenmeli
A10: M009 | B10: Örnek Firma 09 | C10: Perakende | D10: 22 | E10: 66000000 | F10: 50537714 | G10: 10000000 | H10: 9827741 | I10: 40000000 | J10: 27247273 | K10: 1 | L10: 30 | M10: Yetersiz | N10: 46056 | O10: =IFERROR((F10-E10)/E10,0) -> -0.23427706 | P10: =IFERROR((H10-G10)/G10,0) -> -0.0172259 | Q10: =IFERROR(J10/I10,0) -> 0.68118183 | R10: =TODAY()-N10 -> 221 | S10: =IF(O10<=-15%,1,0)+IF(P10>=20%,1,0)+IF(Q10>=85%,1,0)+IF(K10>0,1,0)+IF(L10>=15,1,0)+IF(M10<>"Yeterli",1,0)+IF(R10>180,1,0) -> 5 | T10: =IF(S10>=5,"Yüksek Dikkat",IF(S10>=3,"İncelenmeli","Normal İzleme")) -> Yüksek Dikkat
A11: M010 | B11: Örnek Firma 10 | C11: Gıda | D11: 9 | E11: 25000000 | F11: 24642894 | G11: 7000000 | H11: 9231713 | I11: 12000000 | J11: 4467276 | K11: 0 | L11: 0 | M11: Kısmen Yeterli | N11: 45955 | O11: =IFERROR((F11-E11)/E11,0) -> -0.01428424 | P11: =IFERROR((H11-G11)/G11,0) -> 0.31881614 | Q11: =IFERROR(J11/I11,0) -> 0.372273 | R11: =TODAY()-N11 -> 322 | S11: =IF(O11<=-15%,1,0)+IF(P11>=20%,1,0)+IF(Q11>=85%,1,0)+IF(K11>0,1,0)+IF(L11>=15,1,0)+IF(M11<>"Yeterli",1,0)+IF(R11>180,1,0) -> 3 | T11: =IF(S11>=5,"Yüksek Dikkat",IF(S11>=3,"İncelenmeli","Normal İzleme")) -> İncelenmeli
A12: M011 | B12: Örnek Firma 11 | C12: Lojistik | D12: 14 | E12: 56000000 | F12: 58101851 | G12: 31000000 | H12: 36245679 | I12: 40000000 | J12: 37544950 | K12: 0 | L12: 0 | M12: Kısmen Yeterli | N12: 45911 | O12: =IFERROR((F12-E12)/E12,0) -> 0.037533054 | P12: =IFERROR((H12-G12)/G12,0) -> 0.16921545 | Q12: =IFERROR(J12/I12,0) -> 0.93862375 | R12: =TODAY()-N12 -> 366 | S12: =IF(O12<=-15%,1,0)+IF(P12>=20%,1,0)+IF(Q12>=85%,1,0)+IF(K12>0,1,0)+IF(L12>=15,1,0)+IF(M12<>"Yeterli",1,0)+IF(R12>180,1,0) -> 3 | T12: =IF(S12>=5,"Yüksek Dikkat",IF(S12>=3,"İncelenmeli","Normal İzleme")) -> İncelenmeli
A13: M012 | B13: Örnek Firma 12 | C13: İnşaat | D13: 26 | E13: 90000000 | F13: 79569475 | G13: 20000000 | H13: 22138901 | I13: 34000000 | J13: 8588272 | K13: 1 | L13: 19 | M13: Yetersiz | N13: 45870 | O13: =IFERROR((F13-E13)/E13,0) -> -0.11589472 | P13: =IFERROR((H13-G13)/G13,0) -> 0.10694505 | Q13: =IFERROR(J13/I13,0) -> 0.25259624 | R13: =TODAY()-N13 -> 407 | S13: =IF(O13<=-15%,1,0)+IF(P13>=20%,1,0)+IF(Q13>=85%,1,0)+IF(K13>0,1,0)+IF(L13>=15,1,0)+IF(M13<>"Yeterli",1,0)+IF(R13>180,1,0) -> 4 | T13: =IF(S13>=5,"Yüksek Dikkat",IF(S13>=3,"İncelenmeli","Normal İzleme")) -> İncelenmeli
... A31: M030 | B31: Örnek Firma 30 | C31: Perakende | D31: 8 | E31: 89000000 | F31: 106065544 | G31: 34000000 | H31: 38842654 | I31: 8000000 | J31: 6480000 | K31: 2 | L31: 14 | M31: Yeterli | N31: 46259 | O31: =IFERROR((F31-E31)/E31,0) -> 0.19174769 | P31: =IFERROR((H31-G31)/G31,0) -> 0.142431 | Q31: =IFERROR(J31/I31,0) -> 0.81 | R31: =TODAY()-N31 -> 18 | S31: =IF(O31<=-15%,1,0)+IF(P31>=20%,1,0)+IF(Q31>=85%,1,0)+IF(K31>0,1,0)+IF(L31>=15,1,0)+IF(M31<>"Yeterli",1,0)+IF(R31>180,1,0) -> 1 | T31: =IF(S31>=5,"Yüksek Dikkat",IF(S31>=3,"İncelenmeli","Normal İzleme")) -> Normal İzleme

Sheet Kurallar
A1: Kontrol | B1: Eşik / Koşul | C1: Neden Bakıyoruz? | D1: Uyarı Puanı
A2: Satış değişimi | B2: %15 veya daha fazla düşüş | C2: Faaliyet hacminde belirgin gerileme sinyali | D2: 1
A3: Borç değişimi | B3: %20 veya daha fazla artış | C3: Borçlulukta hızlı artış sinyali | D3: 1
A4: Limit kullanım oranı | B4: %85 veya üzeri | C4: Mevcut limite yüksek bağımlılık sinyali | D4: 1
A5: Son 3 ay gecikme | B5: En az 1 gecikme | C5: Ödeme davranışında bozulma işareti | D5: 1
A6: Maksimum gecikme | B6: 15 gün veya üzeri | C6: Gecikmenin önem düzeyini gösterir | D6: 1
A7: Teminat durumu | B7: Yeterli dışında | C7: Ek inceleme gerektirebilir | D7: 1
A8: Finansal veri yaşı | B8: 180 günden eski | C8: Güncel olmayan veriyle değerlendirme riski | D8: 1
A10: Toplam puan | B10: 0–2 | C10: Normal İzleme
A11: Toplam puan | B11: 3–4 | C11: İncelenmeli
A12: Toplam puan | B12: 5–7 | C12: Yüksek Dikkat

Sheet Proje_Plani
A1: AKILLI KREDİ ANALİZ ASİSTANI — V1
A2: Amaç | B2: Bir ticari müşteride dikkat edilmesi gereken sinyalleri toparlayıp analistin incelemesini kolaylaştırmak.
A3: Önemli sınır | B3: Sistem kredi kararı vermez. Yalnızca inceleme için sinyal ve özet üretir.
A4: Veri | B4: Tamamen sentetik (hayali) firma verisi. Gerçek banka/müşteri verisi kullanılmaz.
A6: Aşama | B6: Ne yapacağız?
A7: 1 | B7: Sentetik müşteri veri setini oluştur — TAMAMLANDI
A8: 2 | B8: Satış, borç ve limit kullanım oranlarını hesapla — TAMAMLANDI
A9: 3 | B9: Basit iş kurallarıyla uyarı puanı üret — TAMAMLANDI
A10: 4 | B10: Her müşteri için anlaşılır 'Dikkat Edilecek Noktalar' metni üret
A11: 5 | B11: Veriyi SQL'e taşı ve müşteri sorguları yaz
A12: 6 | B12: Python ile otomatik analiz fonksiyonu oluştur
A13: 7 | B13: Yapay zekâ ile kısa analist özeti üret
A14: 8 | B14: Basit web ekranı / Power BI görünümü hazırla
A15: 9 | B15: GitHub + YouTube + LinkedIn için proje sunumunu hazırla
A16: V2 - Erken Uyarı Sistemi
A17: Dönemsel veri | B17: 4 dönemlik sentetik satış, borç, limit ve gecikme geçmişi eklendi.
A18: Trend analizi | B18: Eşik aşılmadan önce bozulma eğilimlerini işaretleyecek kurallar eklendi.
A19: Video örneği | B19: M029: mevcut kurallarda normal, trend analizinde erken uyarı gösterecek demo firma.

Sheet Analiz_Ekrani
A1: AKILLI KREDİ ANALİZ ASİSTANI
A4: Müşteri Seç | C4: M001 | F4: Dikkat Edilecek Noktalar
F5: =IF(C8<=-15%,"• Satışlarda "&TEXT(ABS(C8),"0.0%")&" düşüş var."&CHAR(10),"")&IF(C9>=20%,"• Borçlarda "&TEXT(C9,"0.0%")&" artış var."&CHAR(10),"")&IF(C10>=85%,"• Limit kullanım oranı "&TEXT(C10,"0.0%")&" ile yüksek seviyede."&CHAR(10),"")&IF(C11>0,"• Son 3 ayda "&C11&" gecikme yaşanmış; maksimum gecikme "&C12&" gün."&CHAR(10),"")&IF(C13<>"Yeterli","• Teminat durumu: "&C13&"."&CHAR(10),"")&IF(C14>180,"• Finansal verinin üzerinden "&C14&" gün geçmiş."&CHAR(10),"") -> • Satışlarda 30% düşüş var. • Son 3 ayda 1 gecikme yaşanmış; maksimum gecikme 37 gün. • Finansal verinin üzerinden 233 gün geçmiş.
A6: Firma | C6: =INDEX(Musteri_Verisi!$B$2:$B$31,MATCH($C$4,Musteri_Verisi!$A$2:$A$31,0)) -> Örnek Firma 01
A7: Sektör | C7: =INDEX(Musteri_Verisi!$C$2:$C$31,MATCH($C$4,Musteri_Verisi!$A$2:$A$31,0)) -> Tekstil
A8: Satış Değişimi | C8: =INDEX(Musteri_Verisi!$O$2:$O$31,MATCH($C$4,Musteri_Verisi!$A$2:$A$31,0)) -> -0.30499359
A9: Borç Değişimi | C9: =INDEX(Musteri_Verisi!$P$2:$P$31,MATCH($C$4,Musteri_Verisi!$A$2:$A$31,0)) -> -0.018371421
A10: Limit Kullanımı | C10: =INDEX(Musteri_Verisi!$Q$2:$Q$31,MATCH($C$4,Musteri_Verisi!$A$2:$A$31,0)) -> 0.83917692
A11: Gecikme Adedi | C11: =INDEX(Musteri_Verisi!$K$2:$K$31,MATCH($C$4,Musteri_Verisi!$A$2:$A$31,0)) -> 1
A12: Maks. Gecikme Günü | C12: =INDEX(Musteri_Verisi!$L$2:$L$31,MATCH($C$4,Musteri_Verisi!$A$2:$A$31,0)) -> 37
A13: Teminat Durumu | C13: =INDEX(Musteri_Verisi!$M$2:$M$31,MATCH($C$4,Musteri_Verisi!$A$2:$A$31,0)) -> Yeterli
A14: Finansal Veri Yaşı | C14: =INDEX(Musteri_Verisi!$R$2:$R$31,MATCH($C$4,Musteri_Verisi!$A$2:$A$31,0)) -> 233
A15: Uyarı Puanı | C15: =INDEX(Musteri_Verisi!$S$2:$S$31,MATCH($C$4,Musteri_Verisi!$A$2:$A$31,0)) -> 4
A16: Ön Değerlendirme | C16: =INDEX(Musteri_Verisi!$T$2:$T$31,MATCH($C$4,Musteri_Verisi!$A$2:$A$31,0)) -> İncelenmeli | F16: Ön Değerlendirme
F17: =C16 -> İncelenmeli
A20: Not: Bu ekran yalnızca örnek/sentetik verilerle hazırlanmıştır. Sistem kredi kararı vermez; analistin incelemesini desteklemek için dikkat edilmesi gereken sinyalleri özetler.

Sheet Donemsel_Veriler
A1: Musteri_ID | B1: Donem | C1: Satis_TL | D1: Toplam_Borc_TL | E1: Limit_Kullanim_% | F1: Gecikme_Adedi | G1: Maks_Gecikme_Gunu
A2: M001 | B2: 2025 Q4 | C2: 16513352 | D2: 16785849 | E2: 0.7392 | F2: 0 | G2: 25
A3: M001 | B3: 2026 Q1 | C3: 16054648 | D3: 17531886 | E3: 0.7792 | F3: 0 | G3: 29
A4: M001 | B4: 2026 Q2 | C4: 15595944 | D4: 18091415 | E4: 0.8092 | F4: 1 | G4: 33
A5: M001 | B5: 2026 Q3 | C5: 15290141 | D5: 18650943 | E5: 0.8392 | F5: 1 | G5: 37
A6: M002 | B6: 2025 Q4 | C6: 18186717 | D6: 33939226 | E6: 0.2091 | F6: 0 | G6: 13
A7: M002 | B7: 2026 Q1 | C7: 17261969 | D7: 36422584 | E7: 0.2791 | F7: 0 | G7: 22
A8: M002 | B8: 2026 Q2 | C8: 16337220 | D8: 38905942 | E8: 0.3491 | F8: 0 | G8: 30
A9: M002 | B9: 2026 Q3 | C9: 15412472 | D9: 41389300 | E9: 0.4091 | F9: 1 | G9: 37
A10: M003 | B10: 2025 Q4 | C10: 8400000 | D10: 14800000 | E10: 0.45 | F10: 0 | G10: 0
A11: M003 | B11: 2026 Q1 | C11: 8600000 | D11: 15000000 | E11: 0.46 | F11: 0 | G11: 0
A12: M003 | B12: 2026 Q2 | C12: 8850000 | D12: 15200000 | E12: 0.468 | F12: 0 | G12: 0
A13: M003 | B13: 2026 Q3 | C13: 9082275 | D13: 15369264 | E13: 0.4723 | F13: 0 | G13: 0
... A121: M030 | B121: 2026 Q3 | C121: 106065544 | D121: 38842654 | E121: 0.81 | F121: 2 | G121: 14

Sheet Erken_Uyari_Kurallari
A1: Kural | B1: Ne zaman sinyal üretir? | C1: Amaç
A2: Satış trendi | B2: Son 4 dönemde satışlar her dönemde düşüyor ve ilk-son dönem toplam düşüşü en az %10 ise | C2: Sürekli gelir daralmasını erken fark etmek
A3: Borç trendi | B3: Son 4 dönemde borç her dönemde artıyor ve ilk-son dönem toplam artışı en az %15 ise | C3: Borçluluk baskısındaki yükselişi görmek
A4: Limit kullanım trendi | B4: Son 4 dönemde limit kullanımı düzenli artıyor ve toplam artış en az 15 yüzde puanı ise | C4: Limit dolmadan önce yükselen kullanım baskısını görmek
A5: Gecikme trendi | B5: Gecikme adedi son dönemde ilk döneme göre artmışsa veya maksimum gecikme belirgin şekilde yükselmişse | C5: Ödeme davranışındaki bozulmayı izlemek
A6: Birleşik bozulma | B6: Satış düşerken aynı anda borç ve limit kullanımı yükseliyorsa | C6: Tek tek kritik görünmeyen sinyalleri birlikte değerlendirmek
A7: Trend durumu | B7: 0 sinyal: Stabil | 1-2 sinyal: İzlenmeli | 3+ sinyal: Erken Uyarı | C7: Kullanıcıya kısa ve anlaşılır bir erken uyarı özeti vermek
